,image,masks
0,C:\Users\akalloo\Downloads\Pre-trained models\HE_glom_capsule\UHN_Slide42_14690_13872.png,C:\Users\akalloo\Downloads\Pre-trained models\HE_glom_capsule\masks\UHN_Slide42_14690_13872_mask.png
1,C:\Users\akalloo\Downloads\Pre-trained models\HE_glom_capsule\UHN_Slide07_35686_17202.png,C:\Users\akalloo\Downloads\Pre-trained models\HE_glom_capsule\masks\UHN_Slide07_35686_17202_mask.png
2,C:\Users\akalloo\Downloads\Pre-trained models\HE_glom_capsule\UHN_Slide10_27303_14787.png,C:\Users\akalloo\Downloads\Pre-trained models\HE_glom_capsule\masks\UHN_Slide10_27303_14787_mask.png
3,C:\Users\akalloo\Downloads\Pre-trained models\HE_glom_capsule\UHN_Slide19_4852_32111.png,C:\Users\akalloo\Downloads\Pre-trained models\HE_glom_capsule\masks\UHN_Slide19_4852_32111_mask.png
4,C:\Users\akalloo\Downloads\Pre-trained models\HE_glom_capsule\im_142.png,C:\Users\akalloo\Downloads\Pre-trained models\HE_glom_capsule\masks\im_142_mask.png
5,C:\Users\akalloo\Downloads\Pre-trained models\HE_glom_capsule\UHN_Slide15_46957_16304.png,C:\Users\akalloo\Downloads\Pre-trained models\HE_glom_capsule\masks\UHN_Slide15_46957_16304_mask.png
6,C:\Users\akalloo\Downloads\Pre-trained models\HE_glom_capsule\UHN_Slide11_13653_8736.png,C:\Users\akalloo\Downloads\Pre-trained models\HE_glom_capsule\masks\UHN_Slide11_13653_8736_mask.png
7,C:\Users\akalloo\Downloads\Pre-trained models\HE_glom_capsule\UHN_Slide14_10765_16517.png,C:\Users\akalloo\Downloads\Pre-trained models\HE_glom_capsule\masks\UHN_Slide14_10765_16517_mask.png
8,C:\Users\akalloo\Downloads\Pre-trained models\HE_glom_capsule\UHN_Slide22_12505_35264.png,C:\Users\akalloo\Downloads\Pre-trained models\HE_glom_capsule\masks\UHN_Slide22_12505_35264_mask.png
9,C:\Users\akalloo\Downloads\Pre-trained models\HE_glom_capsule\im_114.png,C:\Users\akalloo\Downloads\Pre-trained models\HE_glom_capsule\masks\im_114_mask.png
10,C:\Users\akalloo\Downloads\Pre-trained models\HE_glom_capsule\im_94.png,C:\Users\akalloo\Downloads\Pre-trained models\HE_glom_capsule\masks\im_94_mask.png
11,C:\Users\akalloo\Downloads\Pre-trained models\HE_glom_capsule\UHN_Slide35_12021_10347.png,C:\Users\akalloo\Downloads\Pre-trained models\HE_glom_capsule\masks\UHN_Slide35_12021_10347_mask.png
12,C:\Users\akalloo\Downloads\Pre-trained models\HE_glom_capsule\UHN_Slide03_22311_24073.png,C:\Users\akalloo\Downloads\Pre-trained models\HE_glom_capsule\masks\UHN_Slide03_22311_24073_mask.png
13,C:\Users\akalloo\Downloads\Pre-trained models\HE_glom_capsule\im_86.png,C:\Users\akalloo\Downloads\Pre-trained models\HE_glom_capsule\masks\im_86_mask.png
14,C:\Users\akalloo\Downloads\Pre-trained models\HE_glom_capsule\im_97.png,C:\Users\akalloo\Downloads\Pre-trained models\HE_glom_capsule\masks\im_97_mask.png
15,C:\Users\akalloo\Downloads\Pre-trained models\HE_glom_capsule\UHN_Slide30_3608_17307.png,C:\Users\akalloo\Downloads\Pre-trained models\HE_glom_capsule\masks\UHN_Slide30_3608_17307_mask.png
16,C:\Users\akalloo\Downloads\Pre-trained models\HE_glom_capsule\UHN_Slide16_23103_18516.png,C:\Users\akalloo\Downloads\Pre-trained models\HE_glom_capsule\masks\UHN_Slide16_23103_18516_mask.png
17,C:\Users\akalloo\Downloads\Pre-trained models\HE_glom_capsule\im_157.png,C:\Users\akalloo\Downloads\Pre-trained models\HE_glom_capsule\masks\im_157_mask.png
18,C:\Users\akalloo\Downloads\Pre-trained models\HE_glom_capsule\UHN_Slide13_38720_11024.png,C:\Users\akalloo\Downloads\Pre-trained models\HE_glom_capsule\masks\UHN_Slide13_38720_11024_mask.png
19,C:\Users\akalloo\Downloads\Pre-trained models\HE_glom_capsule\UHN_Slide44_18239_21001.png,C:\Users\akalloo\Downloads\Pre-trained models\HE_glom_capsule\masks\UHN_Slide44_18239_21001_mask.png
20,C:\Users\akalloo\Downloads\Pre-trained models\HE_glom_capsule\UHN_Slide08_7233_21857.png,C:\Users\akalloo\Downloads\Pre-trained models\HE_glom_capsule\masks\UHN_Slide08_7233_21857_mask.png
21,C:\Users\akalloo\Downloads\Pre-trained models\HE_glom_capsule\im_133.png,C:\Users\akalloo\Downloads\Pre-trained models\HE_glom_capsule\masks\im_133_mask.png
22,C:\Users\akalloo\Downloads\Pre-trained models\HE_glom_capsule\UHN_Slide23_5336_25253.png,C:\Users\akalloo\Downloads\Pre-trained models\HE_glom_capsule\masks\UHN_Slide23_5336_25253_mask.png
23,C:\Users\akalloo\Downloads\Pre-trained models\HE_glom_capsule\UHN_Slide45_28944_7020.png,C:\Users\akalloo\Downloads\Pre-trained models\HE_glom_capsule\masks\UHN_Slide45_28944_7020_mask.png
24,C:\Users\akalloo\Downloads\Pre-trained models\HE_glom_capsule\UHN_Slide22_17837_18481.png,C:\Users\akalloo\Downloads\Pre-trained models\HE_glom_capsule\masks\UHN_Slide22_17837_18481_mask.png
25,C:\Users\akalloo\Downloads\Pre-trained models\HE_glom_capsule\UHN_Slide03_22539_25525.png,C:\Users\akalloo\Downloads\Pre-trained models\HE_glom_capsule\masks\UHN_Slide03_22539_25525_mask.png
26,C:\Users\akalloo\Downloads\Pre-trained models\HE_glom_capsule\UHN_Slide03_39591_15159.png,C:\Users\akalloo\Downloads\Pre-trained models\HE_glom_capsule\masks\UHN_Slide03_39591_15159_mask.png
27,C:\Users\akalloo\Downloads\Pre-trained models\HE_glom_capsule\im_134.png,C:\Users\akalloo\Downloads\Pre-trained models\HE_glom_capsule\masks\im_134_mask.png
28,C:\Users\akalloo\Downloads\Pre-trained models\HE_glom_capsule\im_119.png,C:\Users\akalloo\Downloads\Pre-trained models\HE_glom_capsule\masks\im_119_mask.png
29,C:\Users\akalloo\Downloads\Pre-trained models\HE_glom_capsule\UHN_Slide44_15350_9890.png,C:\Users\akalloo\Downloads\Pre-trained models\HE_glom_capsule\masks\UHN_Slide44_15350_9890_mask.png
30,C:\Users\akalloo\Downloads\Pre-trained models\HE_glom_capsule\UHN_Slide28_6950_10290.png,C:\Users\akalloo\Downloads\Pre-trained models\HE_glom_capsule\masks\UHN_Slide28_6950_10290_mask.png
31,C:\Users\akalloo\Downloads\Pre-trained models\HE_glom_capsule\UHN_Slide18_17541_7819.png,C:\Users\akalloo\Downloads\Pre-trained models\HE_glom_capsule\masks\UHN_Slide18_17541_7819_mask.png
32,C:\Users\akalloo\Downloads\Pre-trained models\HE_glom_capsule\UHN_Slide03_39927_27077.png,C:\Users\akalloo\Downloads\Pre-trained models\HE_glom_capsule\masks\UHN_Slide03_39927_27077_mask.png
33,C:\Users\akalloo\Downloads\Pre-trained models\HE_glom_capsule\UHN_Slide06_14038_14455.png,C:\Users\akalloo\Downloads\Pre-trained models\HE_glom_capsule\masks\UHN_Slide06_14038_14455_mask.png
34,C:\Users\akalloo\Downloads\Pre-trained models\HE_glom_capsule\UHN_Slide41_6643_21532.png,C:\Users\akalloo\Downloads\Pre-trained models\HE_glom_capsule\masks\UHN_Slide41_6643_21532_mask.png
35,C:\Users\akalloo\Downloads\Pre-trained models\HE_glom_capsule\UHN_Slide12_20563_11018.png,C:\Users\akalloo\Downloads\Pre-trained models\HE_glom_capsule\masks\UHN_Slide12_20563_11018_mask.png
36,C:\Users\akalloo\Downloads\Pre-trained models\HE_glom_capsule\UHN_Slide27_4461_11080.png,C:\Users\akalloo\Downloads\Pre-trained models\HE_glom_capsule\masks\UHN_Slide27_4461_11080_mask.png
37,C:\Users\akalloo\Downloads\Pre-trained models\HE_glom_capsule\UHN_Slide11_32554_10621.png,C:\Users\akalloo\Downloads\Pre-trained models\HE_glom_capsule\masks\UHN_Slide11_32554_10621_mask.png
38,C:\Users\akalloo\Downloads\Pre-trained models\HE_glom_capsule\UHN_Slide36_16451_32590.png,C:\Users\akalloo\Downloads\Pre-trained models\HE_glom_capsule\masks\UHN_Slide36_16451_32590_mask.png
39,C:\Users\akalloo\Downloads\Pre-trained models\HE_glom_capsule\UHN_Slide03_40979_16391.png,C:\Users\akalloo\Downloads\Pre-trained models\HE_glom_capsule\masks\UHN_Slide03_40979_16391_mask.png
40,C:\Users\akalloo\Downloads\Pre-trained models\HE_glom_capsule\UHN_Slide07_40310_19997.png,C:\Users\akalloo\Downloads\Pre-trained models\HE_glom_capsule\masks\UHN_Slide07_40310_19997_mask.png
41,C:\Users\akalloo\Downloads\Pre-trained models\HE_glom_capsule\UHN_Slide08_32734_12736.png,C:\Users\akalloo\Downloads\Pre-trained models\HE_glom_capsule\masks\UHN_Slide08_32734_12736_mask.png
42,C:\Users\akalloo\Downloads\Pre-trained models\HE_glom_capsule\UHN_Slide28_16220_19466.png,C:\Users\akalloo\Downloads\Pre-trained models\HE_glom_capsule\masks\UHN_Slide28_16220_19466_mask.png
43,C:\Users\akalloo\Downloads\Pre-trained models\HE_glom_capsule\UHN_Slide10_15575_9273.png,C:\Users\akalloo\Downloads\Pre-trained models\HE_glom_capsule\masks\UHN_Slide10_15575_9273_mask.png
44,C:\Users\akalloo\Downloads\Pre-trained models\HE_glom_capsule\UHN_Slide04_37307_18507.png,C:\Users\akalloo\Downloads\Pre-trained models\HE_glom_capsule\masks\UHN_Slide04_37307_18507_mask.png
45,C:\Users\akalloo\Downloads\Pre-trained models\HE_glom_capsule\UHN_Slide29_11524_32978.png,C:\Users\akalloo\Downloads\Pre-trained models\HE_glom_capsule\masks\UHN_Slide29_11524_32978_mask.png
46,C:\Users\akalloo\Downloads\Pre-trained models\HE_glom_capsule\UHN_Slide35_10893_9311.png,C:\Users\akalloo\Downloads\Pre-trained models\HE_glom_capsule\masks\UHN_Slide35_10893_9311_mask.png
47,C:\Users\akalloo\Downloads\Pre-trained models\HE_glom_capsule\UHN_Slide15_40985_10948.png,C:\Users\akalloo\Downloads\Pre-trained models\HE_glom_capsule\masks\UHN_Slide15_40985_10948_mask.png
48,C:\Users\akalloo\Downloads\Pre-trained models\HE_glom_capsule\im_92.png,C:\Users\akalloo\Downloads\Pre-trained models\HE_glom_capsule\masks\im_92_mask.png
49,C:\Users\akalloo\Downloads\Pre-trained models\HE_glom_capsule\UHN_Slide21_12036_33574.png,C:\Users\akalloo\Downloads\Pre-trained models\HE_glom_capsule\masks\UHN_Slide21_12036_33574_mask.png
50,C:\Users\akalloo\Downloads\Pre-trained models\HE_glom_capsule\UHN_Slide14_18645_10533.png,C:\Users\akalloo\Downloads\Pre-trained models\HE_glom_capsule\masks\UHN_Slide14_18645_10533_mask.png
51,C:\Users\akalloo\Downloads\Pre-trained models\HE_glom_capsule\UHN_Slide25_12074_31291.png,C:\Users\akalloo\Downloads\Pre-trained models\HE_glom_capsule\masks\UHN_Slide25_12074_31291_mask.png
52,C:\Users\akalloo\Downloads\Pre-trained models\HE_glom_capsule\UHN_Slide09_19327_9976.png,C:\Users\akalloo\Downloads\Pre-trained models\HE_glom_capsule\masks\UHN_Slide09_19327_9976_mask.png
53,C:\Users\akalloo\Downloads\Pre-trained models\HE_glom_capsule\UHN_Slide03_33161_26350.png,C:\Users\akalloo\Downloads\Pre-trained models\HE_glom_capsule\masks\UHN_Slide03_33161_26350_mask.png
54,C:\Users\akalloo\Downloads\Pre-trained models\HE_glom_capsule\UHN_Slide06_24167_6381.png,C:\Users\akalloo\Downloads\Pre-trained models\HE_glom_capsule\masks\UHN_Slide06_24167_6381_mask.png
55,C:\Users\akalloo\Downloads\Pre-trained models\HE_glom_capsule\im_82.png,C:\Users\akalloo\Downloads\Pre-trained models\HE_glom_capsule\masks\im_82_mask.png
56,C:\Users\akalloo\Downloads\Pre-trained models\HE_glom_capsule\UHN_Slide44_39170_16290.png,C:\Users\akalloo\Downloads\Pre-trained models\HE_glom_capsule\masks\UHN_Slide44_39170_16290_mask.png
57,C:\Users\akalloo\Downloads\Pre-trained models\HE_glom_capsule\UHN_Slide21_7449_43353.png,C:\Users\akalloo\Downloads\Pre-trained models\HE_glom_capsule\masks\UHN_Slide21_7449_43353_mask.png
58,C:\Users\akalloo\Downloads\Pre-trained models\HE_glom_capsule\UHN_Slide41_5971_20380.png,C:\Users\akalloo\Downloads\Pre-trained models\HE_glom_capsule\masks\UHN_Slide41_5971_20380_mask.png
59,C:\Users\akalloo\Downloads\Pre-trained models\HE_glom_capsule\UHN_Slide17_13772_19548.png,C:\Users\akalloo\Downloads\Pre-trained models\HE_glom_capsule\masks\UHN_Slide17_13772_19548_mask.png
60,C:\Users\akalloo\Downloads\Pre-trained models\HE_glom_capsule\UHN_Slide02_35881_8897.png,C:\Users\akalloo\Downloads\Pre-trained models\HE_glom_capsule\masks\UHN_Slide02_35881_8897_mask.png
61,C:\Users\akalloo\Downloads\Pre-trained models\HE_glom_capsule\im_104.png,C:\Users\akalloo\Downloads\Pre-trained models\HE_glom_capsule\masks\im_104_mask.png
62,C:\Users\akalloo\Downloads\Pre-trained models\HE_glom_capsule\UHN_Slide06_30296_6605.png,C:\Users\akalloo\Downloads\Pre-trained models\HE_glom_capsule\masks\UHN_Slide06_30296_6605_mask.png
63,C:\Users\akalloo\Downloads\Pre-trained models\HE_glom_capsule\UHN_Slide08_22488_13030.png,C:\Users\akalloo\Downloads\Pre-trained models\HE_glom_capsule\masks\UHN_Slide08_22488_13030_mask.png
64,C:\Users\akalloo\Downloads\Pre-trained models\HE_glom_capsule\UHN_Slide13_24160_12687.png,C:\Users\akalloo\Downloads\Pre-trained models\HE_glom_capsule\masks\UHN_Slide13_24160_12687_mask.png
65,C:\Users\akalloo\Downloads\Pre-trained models\HE_glom_capsule\UHN_Slide14_14073_16493.png,C:\Users\akalloo\Downloads\Pre-trained models\HE_glom_capsule\masks\UHN_Slide14_14073_16493_mask.png
66,C:\Users\akalloo\Downloads\Pre-trained models\HE_glom_capsule\UHN_Slide13_27052_14488.png,C:\Users\akalloo\Downloads\Pre-trained models\HE_glom_capsule\masks\UHN_Slide13_27052_14488_mask.png
67,C:\Users\akalloo\Downloads\Pre-trained models\HE_glom_capsule\UHN_Slide14_19929_10457.png,C:\Users\akalloo\Downloads\Pre-trained models\HE_glom_capsule\masks\UHN_Slide14_19929_10457_mask.png
68,C:\Users\akalloo\Downloads\Pre-trained models\HE_glom_capsule\UHN_Slide44_30110_19450.png,C:\Users\akalloo\Downloads\Pre-trained models\HE_glom_capsule\masks\UHN_Slide44_30110_19450_mask.png
69,C:\Users\akalloo\Downloads\Pre-trained models\HE_glom_capsule\UHN_Slide34_10380_17654.png,C:\Users\akalloo\Downloads\Pre-trained models\HE_glom_capsule\masks\UHN_Slide34_10380_17654_mask.png
70,C:\Users\akalloo\Downloads\Pre-trained models\HE_glom_capsule\UHN_Slide26_6286_16984.png,C:\Users\akalloo\Downloads\Pre-trained models\HE_glom_capsule\masks\UHN_Slide26_6286_16984_mask.png
71,C:\Users\akalloo\Downloads\Pre-trained models\HE_glom_capsule\im_154.png,C:\Users\akalloo\Downloads\Pre-trained models\HE_glom_capsule\masks\im_154_mask.png
72,C:\Users\akalloo\Downloads\Pre-trained models\HE_glom_capsule\UHN_Slide29_3224_25880.png,C:\Users\akalloo\Downloads\Pre-trained models\HE_glom_capsule\masks\UHN_Slide29_3224_25880_mask.png
73,C:\Users\akalloo\Downloads\Pre-trained models\HE_glom_capsule\UHN_Slide04_14631_16585.png,C:\Users\akalloo\Downloads\Pre-trained models\HE_glom_capsule\masks\UHN_Slide04_14631_16585_mask.png
74,C:\Users\akalloo\Downloads\Pre-trained models\HE_glom_capsule\UHN_Slide10_28791_14723.png,C:\Users\akalloo\Downloads\Pre-trained models\HE_glom_capsule\masks\UHN_Slide10_28791_14723_mask.png
75,C:\Users\akalloo\Downloads\Pre-trained models\HE_glom_capsule\UHN_Slide10_19841_17620.png,C:\Users\akalloo\Downloads\Pre-trained models\HE_glom_capsule\masks\UHN_Slide10_19841_17620_mask.png
76,C:\Users\akalloo\Downloads\Pre-trained models\HE_glom_capsule\UHN_Slide34_11144_31420.png,C:\Users\akalloo\Downloads\Pre-trained models\HE_glom_capsule\masks\UHN_Slide34_11144_31420_mask.png
77,C:\Users\akalloo\Downloads\Pre-trained models\HE_glom_capsule\UHN_Slide37_13332_4074.png,C:\Users\akalloo\Downloads\Pre-trained models\HE_glom_capsule\masks\UHN_Slide37_13332_4074_mask.png
78,C:\Users\akalloo\Downloads\Pre-trained models\HE_glom_capsule\UHN_Slide30_3432_11731.png,C:\Users\akalloo\Downloads\Pre-trained models\HE_glom_capsule\masks\UHN_Slide30_3432_11731_mask.png
79,C:\Users\akalloo\Downloads\Pre-trained models\HE_glom_capsule\UHN_Slide21_6679_42251.png,C:\Users\akalloo\Downloads\Pre-trained models\HE_glom_capsule\masks\UHN_Slide21_6679_42251_mask.png
80,C:\Users\akalloo\Downloads\Pre-trained models\HE_glom_capsule\UHN_Slide25_12084_27097.png,C:\Users\akalloo\Downloads\Pre-trained models\HE_glom_capsule\masks\UHN_Slide25_12084_27097_mask.png
81,C:\Users\akalloo\Downloads\Pre-trained models\HE_glom_capsule\UHN_Slide43_42740_3829.png,C:\Users\akalloo\Downloads\Pre-trained models\HE_glom_capsule\masks\UHN_Slide43_42740_3829_mask.png
82,C:\Users\akalloo\Downloads\Pre-trained models\HE_glom_capsule\im_88.png,C:\Users\akalloo\Downloads\Pre-trained models\HE_glom_capsule\masks\im_88_mask.png
83,C:\Users\akalloo\Downloads\Pre-trained models\HE_glom_capsule\UHN_Slide40_2307_30894.png,C:\Users\akalloo\Downloads\Pre-trained models\HE_glom_capsule\masks\UHN_Slide40_2307_30894_mask.png
84,C:\Users\akalloo\Downloads\Pre-trained models\HE_glom_capsule\UHN_Slide18_12941_14553.png,C:\Users\akalloo\Downloads\Pre-trained models\HE_glom_capsule\masks\UHN_Slide18_12941_14553_mask.png
85,C:\Users\akalloo\Downloads\Pre-trained models\HE_glom_capsule\UHN_Slide31_9504_21978.png,C:\Users\akalloo\Downloads\Pre-trained models\HE_glom_capsule\masks\UHN_Slide31_9504_21978_mask.png
86,C:\Users\akalloo\Downloads\Pre-trained models\HE_glom_capsule\UHN_Slide41_5935_35560.png,C:\Users\akalloo\Downloads\Pre-trained models\HE_glom_capsule\masks\UHN_Slide41_5935_35560_mask.png
87,C:\Users\akalloo\Downloads\Pre-trained models\HE_glom_capsule\UHN_Slide13_48570_12200.png,C:\Users\akalloo\Downloads\Pre-trained models\HE_glom_capsule\masks\UHN_Slide13_48570_12200_mask.png
88,C:\Users\akalloo\Downloads\Pre-trained models\HE_glom_capsule\UHN_Slide16_19507_17384.png,C:\Users\akalloo\Downloads\Pre-trained models\HE_glom_capsule\masks\UHN_Slide16_19507_17384_mask.png
89,C:\Users\akalloo\Downloads\Pre-trained models\HE_glom_capsule\UHN_Slide10_9455_6781.png,C:\Users\akalloo\Downloads\Pre-trained models\HE_glom_capsule\masks\UHN_Slide10_9455_6781_mask.png
90,C:\Users\akalloo\Downloads\Pre-trained models\HE_glom_capsule\UHN_Slide06_3250_3553.png,C:\Users\akalloo\Downloads\Pre-trained models\HE_glom_capsule\masks\UHN_Slide06_3250_3553_mask.png
91,C:\Users\akalloo\Downloads\Pre-trained models\HE_glom_capsule\im_113.png,C:\Users\akalloo\Downloads\Pre-trained models\HE_glom_capsule\masks\im_113_mask.png
92,C:\Users\akalloo\Downloads\Pre-trained models\HE_glom_capsule\im_83.png,C:\Users\akalloo\Downloads\Pre-trained models\HE_glom_capsule\masks\im_83_mask.png
93,C:\Users\akalloo\Downloads\Pre-trained models\HE_glom_capsule\UHN_Slide10_13121_15076.png,C:\Users\akalloo\Downloads\Pre-trained models\HE_glom_capsule\masks\UHN_Slide10_13121_15076_mask.png
94,C:\Users\akalloo\Downloads\Pre-trained models\HE_glom_capsule\UHN_Slide35_4551_13727.png,C:\Users\akalloo\Downloads\Pre-trained models\HE_glom_capsule\masks\UHN_Slide35_4551_13727_mask.png
95,C:\Users\akalloo\Downloads\Pre-trained models\HE_glom_capsule\UHN_Slide10_11637_14840.png,C:\Users\akalloo\Downloads\Pre-trained models\HE_glom_capsule\masks\UHN_Slide10_11637_14840_mask.png
96,C:\Users\akalloo\Downloads\Pre-trained models\HE_glom_capsule\UHN_Slide09_27333_9546.png,C:\Users\akalloo\Downloads\Pre-trained models\HE_glom_capsule\masks\UHN_Slide09_27333_9546_mask.png
97,C:\Users\akalloo\Downloads\Pre-trained models\HE_glom_capsule\im_108.png,C:\Users\akalloo\Downloads\Pre-trained models\HE_glom_capsule\masks\im_108_mask.png
98,C:\Users\akalloo\Downloads\Pre-trained models\HE_glom_capsule\UHN_Slide31_7832_15786.png,C:\Users\akalloo\Downloads\Pre-trained models\HE_glom_capsule\masks\UHN_Slide31_7832_15786_mask.png
99,C:\Users\akalloo\Downloads\Pre-trained models\HE_glom_capsule\UHN_Slide33_9641_20691.png,C:\Users\akalloo\Downloads\Pre-trained models\HE_glom_capsule\masks\UHN_Slide33_9641_20691_mask.png
100,C:\Users\akalloo\Downloads\Pre-trained models\HE_glom_capsule\UHN_Slide28_13810_16892.png,C:\Users\akalloo\Downloads\Pre-trained models\HE_glom_capsule\masks\UHN_Slide28_13810_16892_mask.png
101,C:\Users\akalloo\Downloads\Pre-trained models\HE_glom_capsule\UHN_Slide17_5223_7146.png,C:\Users\akalloo\Downloads\Pre-trained models\HE_glom_capsule\masks\UHN_Slide17_5223_7146_mask.png
102,C:\Users\akalloo\Downloads\Pre-trained models\HE_glom_capsule\im_137.png,C:\Users\akalloo\Downloads\Pre-trained models\HE_glom_capsule\masks\im_137_mask.png
103,C:\Users\akalloo\Downloads\Pre-trained models\HE_glom_capsule\UHN_Slide21_5406_11660.png,C:\Users\akalloo\Downloads\Pre-trained models\HE_glom_capsule\masks\UHN_Slide21_5406_11660_mask.png
104,C:\Users\akalloo\Downloads\Pre-trained models\HE_glom_capsule\UHN_Slide44_17595_22773.png,C:\Users\akalloo\Downloads\Pre-trained models\HE_glom_capsule\masks\UHN_Slide44_17595_22773_mask.png
105,C:\Users\akalloo\Downloads\Pre-trained models\HE_glom_capsule\UHN_Slide07_13268_4131.png,C:\Users\akalloo\Downloads\Pre-trained models\HE_glom_capsule\masks\UHN_Slide07_13268_4131_mask.png
106,C:\Users\akalloo\Downloads\Pre-trained models\HE_glom_capsule\UHN_Slide26_10442_37594.png,C:\Users\akalloo\Downloads\Pre-trained models\HE_glom_capsule\masks\UHN_Slide26_10442_37594_mask.png
107,C:\Users\akalloo\Downloads\Pre-trained models\HE_glom_capsule\UHN_Slide38_12339_31892.png,C:\Users\akalloo\Downloads\Pre-trained models\HE_glom_capsule\masks\UHN_Slide38_12339_31892_mask.png
108,C:\Users\akalloo\Downloads\Pre-trained models\HE_glom_capsule\UHN_Slide05_47087_6811.png,C:\Users\akalloo\Downloads\Pre-trained models\HE_glom_capsule\masks\UHN_Slide05_47087_6811_mask.png
109,C:\Users\akalloo\Downloads\Pre-trained models\HE_glom_capsule\UHN_Slide41_4211_40240.png,C:\Users\akalloo\Downloads\Pre-trained models\HE_glom_capsule\masks\UHN_Slide41_4211_40240_mask.png
110,C:\Users\akalloo\Downloads\Pre-trained models\HE_glom_capsule\im_136.png,C:\Users\akalloo\Downloads\Pre-trained models\HE_glom_capsule\masks\im_136_mask.png
111,C:\Users\akalloo\Downloads\Pre-trained models\HE_glom_capsule\im_139.png,C:\Users\akalloo\Downloads\Pre-trained models\HE_glom_capsule\masks\im_139_mask.png
112,C:\Users\akalloo\Downloads\Pre-trained models\HE_glom_capsule\UHN_Slide19_3298_19439.png,C:\Users\akalloo\Downloads\Pre-trained models\HE_glom_capsule\masks\UHN_Slide19_3298_19439_mask.png
113,C:\Users\akalloo\Downloads\Pre-trained models\HE_glom_capsule\UHN_Slide24_8942_21963.png,C:\Users\akalloo\Downloads\Pre-trained models\HE_glom_capsule\masks\UHN_Slide24_8942_21963_mask.png
114,C:\Users\akalloo\Downloads\Pre-trained models\HE_glom_capsule\im_127.png,C:\Users\akalloo\Downloads\Pre-trained models\HE_glom_capsule\masks\im_127_mask.png
115,C:\Users\akalloo\Downloads\Pre-trained models\HE_glom_capsule\im_8.png,C:\Users\akalloo\Downloads\Pre-trained models\HE_glom_capsule\masks\im_8_mask.png
116,C:\Users\akalloo\Downloads\Pre-trained models\HE_glom_capsule\UHN_Slide38_9417_38435.png,C:\Users\akalloo\Downloads\Pre-trained models\HE_glom_capsule\masks\UHN_Slide38_9417_38435_mask.png
117,C:\Users\akalloo\Downloads\Pre-trained models\HE_glom_capsule\UHN_Slide36_27171_5774.png,C:\Users\akalloo\Downloads\Pre-trained models\HE_glom_capsule\masks\UHN_Slide36_27171_5774_mask.png
118,C:\Users\akalloo\Downloads\Pre-trained models\HE_glom_capsule\UHN_Slide02_32973_6491.png,C:\Users\akalloo\Downloads\Pre-trained models\HE_glom_capsule\masks\UHN_Slide02_32973_6491_mask.png
119,C:\Users\akalloo\Downloads\Pre-trained models\HE_glom_capsule\UHN_Slide04_20535_17821.png,C:\Users\akalloo\Downloads\Pre-trained models\HE_glom_capsule\masks\UHN_Slide04_20535_17821_mask.png
120,C:\Users\akalloo\Downloads\Pre-trained models\HE_glom_capsule\UHN_Slide41_6855_34312.png,C:\Users\akalloo\Downloads\Pre-trained models\HE_glom_capsule\masks\UHN_Slide41_6855_34312_mask.png
121,C:\Users\akalloo\Downloads\Pre-trained models\HE_glom_capsule\im_158.png,C:\Users\akalloo\Downloads\Pre-trained models\HE_glom_capsule\masks\im_158_mask.png
122,C:\Users\akalloo\Downloads\Pre-trained models\HE_glom_capsule\UHN_Slide21_7535_27039.png,C:\Users\akalloo\Downloads\Pre-trained models\HE_glom_capsule\masks\UHN_Slide21_7535_27039_mask.png
123,C:\Users\akalloo\Downloads\Pre-trained models\HE_glom_capsule\UHN_Slide13_26644_13068.png,C:\Users\akalloo\Downloads\Pre-trained models\HE_glom_capsule\masks\UHN_Slide13_26644_13068_mask.png
124,C:\Users\akalloo\Downloads\Pre-trained models\HE_glom_capsule\im_149.png,C:\Users\akalloo\Downloads\Pre-trained models\HE_glom_capsule\masks\im_149_mask.png
125,C:\Users\akalloo\Downloads\Pre-trained models\HE_glom_capsule\UHN_Slide07_15220_4393.png,C:\Users\akalloo\Downloads\Pre-trained models\HE_glom_capsule\masks\UHN_Slide07_15220_4393_mask.png
126,C:\Users\akalloo\Downloads\Pre-trained models\HE_glom_capsule\im_146.png,C:\Users\akalloo\Downloads\Pre-trained models\HE_glom_capsule\masks\im_146_mask.png
127,C:\Users\akalloo\Downloads\Pre-trained models\HE_glom_capsule\UHN_Slide24_11486_25818.png,C:\Users\akalloo\Downloads\Pre-trained models\HE_glom_capsule\masks\UHN_Slide24_11486_25818_mask.png
128,C:\Users\akalloo\Downloads\Pre-trained models\HE_glom_capsule\im_12.png,C:\Users\akalloo\Downloads\Pre-trained models\HE_glom_capsule\masks\im_12_mask.png
129,C:\Users\akalloo\Downloads\Pre-trained models\HE_glom_capsule\im_85.png,C:\Users\akalloo\Downloads\Pre-trained models\HE_glom_capsule\masks\im_85_mask.png
130,C:\Users\akalloo\Downloads\Pre-trained models\HE_glom_capsule\im_145.png,C:\Users\akalloo\Downloads\Pre-trained models\HE_glom_capsule\masks\im_145_mask.png
131,C:\Users\akalloo\Downloads\Pre-trained models\HE_glom_capsule\im_123.png,C:\Users\akalloo\Downloads\Pre-trained models\HE_glom_capsule\masks\im_123_mask.png
132,C:\Users\akalloo\Downloads\Pre-trained models\HE_glom_capsule\UHN_Slide26_8492_29284.png,C:\Users\akalloo\Downloads\Pre-trained models\HE_glom_capsule\masks\UHN_Slide26_8492_29284_mask.png
133,C:\Users\akalloo\Downloads\Pre-trained models\HE_glom_capsule\UHN_Slide07_15724_2873.png,C:\Users\akalloo\Downloads\Pre-trained models\HE_glom_capsule\masks\UHN_Slide07_15724_2873_mask.png
134,C:\Users\akalloo\Downloads\Pre-trained models\HE_glom_capsule\im_141.png,C:\Users\akalloo\Downloads\Pre-trained models\HE_glom_capsule\masks\im_141_mask.png
135,C:\Users\akalloo\Downloads\Pre-trained models\HE_glom_capsule\UHN_Slide25_9620_14453.png,C:\Users\akalloo\Downloads\Pre-trained models\HE_glom_capsule\masks\UHN_Slide25_9620_14453_mask.png
136,C:\Users\akalloo\Downloads\Pre-trained models\HE_glom_capsule\UHN_Slide34_8952_29852.png,C:\Users\akalloo\Downloads\Pre-trained models\HE_glom_capsule\masks\UHN_Slide34_8952_29852_mask.png
137,C:\Users\akalloo\Downloads\Pre-trained models\HE_glom_capsule\UHN_Slide44_38398_18202.png,C:\Users\akalloo\Downloads\Pre-trained models\HE_glom_capsule\masks\UHN_Slide44_38398_18202_mask.png
138,C:\Users\akalloo\Downloads\Pre-trained models\HE_glom_capsule\UHN_Slide07_12340_4391.png,C:\Users\akalloo\Downloads\Pre-trained models\HE_glom_capsule\masks\UHN_Slide07_12340_4391_mask.png
139,C:\Users\akalloo\Downloads\Pre-trained models\HE_glom_capsule\im_59.png,C:\Users\akalloo\Downloads\Pre-trained models\HE_glom_capsule\masks\im_59_mask.png
140,C:\Users\akalloo\Downloads\Pre-trained models\HE_glom_capsule\UHN_Slide32_8428_4724.png,C:\Users\akalloo\Downloads\Pre-trained models\HE_glom_capsule\masks\UHN_Slide32_8428_4724_mask.png
141,C:\Users\akalloo\Downloads\Pre-trained models\HE_glom_capsule\UHN_Slide41_4847_7433.png,C:\Users\akalloo\Downloads\Pre-trained models\HE_glom_capsule\masks\UHN_Slide41_4847_7433_mask.png
142,C:\Users\akalloo\Downloads\Pre-trained models\HE_glom_capsule\UHN_Slide23_9954_32335.png,C:\Users\akalloo\Downloads\Pre-trained models\HE_glom_capsule\masks\UHN_Slide23_9954_32335_mask.png
143,C:\Users\akalloo\Downloads\Pre-trained models\HE_glom_capsule\UHN_Slide28_13468_18970.png,C:\Users\akalloo\Downloads\Pre-trained models\HE_glom_capsule\masks\UHN_Slide28_13468_18970_mask.png
144,C:\Users\akalloo\Downloads\Pre-trained models\HE_glom_capsule\UHN_Slide06_17804_4775.png,C:\Users\akalloo\Downloads\Pre-trained models\HE_glom_capsule\masks\UHN_Slide06_17804_4775_mask.png
145,C:\Users\akalloo\Downloads\Pre-trained models\HE_glom_capsule\UHN_Slide23_6224_22821.png,C:\Users\akalloo\Downloads\Pre-trained models\HE_glom_capsule\masks\UHN_Slide23_6224_22821_mask.png
146,C:\Users\akalloo\Downloads\Pre-trained models\HE_glom_capsule\UHN_Slide41_5203_39800.png,C:\Users\akalloo\Downloads\Pre-trained models\HE_glom_capsule\masks\UHN_Slide41_5203_39800_mask.png
147,C:\Users\akalloo\Downloads\Pre-trained models\HE_glom_capsule\UHN_Slide17_5443_15805.png,C:\Users\akalloo\Downloads\Pre-trained models\HE_glom_capsule\masks\UHN_Slide17_5443_15805_mask.png
148,C:\Users\akalloo\Downloads\Pre-trained models\HE_glom_capsule\UHN_Slide03_29571_13359.png,C:\Users\akalloo\Downloads\Pre-trained models\HE_glom_capsule\masks\UHN_Slide03_29571_13359_mask.png
149,C:\Users\akalloo\Downloads\Pre-trained models\HE_glom_capsule\UHN_Slide28_5272_16412.png,C:\Users\akalloo\Downloads\Pre-trained models\HE_glom_capsule\masks\UHN_Slide28_5272_16412_mask.png
150,C:\Users\akalloo\Downloads\Pre-trained models\HE_glom_capsule\UHN_Slide26_6746_10668.png,C:\Users\akalloo\Downloads\Pre-trained models\HE_glom_capsule\masks\UHN_Slide26_6746_10668_mask.png
151,C:\Users\akalloo\Downloads\Pre-trained models\HE_glom_capsule\UHN_Slide13_44210_6443.png,C:\Users\akalloo\Downloads\Pre-trained models\HE_glom_capsule\masks\UHN_Slide13_44210_6443_mask.png
152,C:\Users\akalloo\Downloads\Pre-trained models\HE_glom_capsule\UHN_Slide07_33040_9545.png,C:\Users\akalloo\Downloads\Pre-trained models\HE_glom_capsule\masks\UHN_Slide07_33040_9545_mask.png
153,C:\Users\akalloo\Downloads\Pre-trained models\HE_glom_capsule\im_3.png,C:\Users\akalloo\Downloads\Pre-trained models\HE_glom_capsule\masks\im_3_mask.png
154,C:\Users\akalloo\Downloads\Pre-trained models\HE_glom_capsule\UHN_Slide26_6790_16184.png,C:\Users\akalloo\Downloads\Pre-trained models\HE_glom_capsule\masks\UHN_Slide26_6790_16184_mask.png
155,C:\Users\akalloo\Downloads\Pre-trained models\HE_glom_capsule\UHN_Slide05_15683_6488.png,C:\Users\akalloo\Downloads\Pre-trained models\HE_glom_capsule\masks\UHN_Slide05_15683_6488_mask.png
156,C:\Users\akalloo\Downloads\Pre-trained models\HE_glom_capsule\im_132.png,C:\Users\akalloo\Downloads\Pre-trained models\HE_glom_capsule\masks\im_132_mask.png
157,C:\Users\akalloo\Downloads\Pre-trained models\HE_glom_capsule\UHN_Slide14_26947_17887.png,C:\Users\akalloo\Downloads\Pre-trained models\HE_glom_capsule\masks\UHN_Slide14_26947_17887_mask.png
158,C:\Users\akalloo\Downloads\Pre-trained models\HE_glom_capsule\UHN_Slide11_23198_11137.png,C:\Users\akalloo\Downloads\Pre-trained models\HE_glom_capsule\masks\UHN_Slide11_23198_11137_mask.png
159,C:\Users\akalloo\Downloads\Pre-trained models\HE_glom_capsule\UHN_Slide02_33657_8046.png,C:\Users\akalloo\Downloads\Pre-trained models\HE_glom_capsule\masks\UHN_Slide02_33657_8046_mask.png
160,C:\Users\akalloo\Downloads\Pre-trained models\HE_glom_capsule\UHN_Slide34_10776_27068.png,C:\Users\akalloo\Downloads\Pre-trained models\HE_glom_capsule\masks\UHN_Slide34_10776_27068_mask.png
161,C:\Users\akalloo\Downloads\Pre-trained models\HE_glom_capsule\im_95.png,C:\Users\akalloo\Downloads\Pre-trained models\HE_glom_capsule\masks\im_95_mask.png
162,C:\Users\akalloo\Downloads\Pre-trained models\HE_glom_capsule\UHN_Slide34_9968_28580.png,C:\Users\akalloo\Downloads\Pre-trained models\HE_glom_capsule\masks\UHN_Slide34_9968_28580_mask.png
163,C:\Users\akalloo\Downloads\Pre-trained models\HE_glom_capsule\im_4.png,C:\Users\akalloo\Downloads\Pre-trained models\HE_glom_capsule\masks\im_4_mask.png
164,C:\Users\akalloo\Downloads\Pre-trained models\HE_glom_capsule\UHN_Slide19_7085_10739.png,C:\Users\akalloo\Downloads\Pre-trained models\HE_glom_capsule\masks\UHN_Slide19_7085_10739_mask.png
165,C:\Users\akalloo\Downloads\Pre-trained models\HE_glom_capsule\UHN_Slide01_13423_8891.png,C:\Users\akalloo\Downloads\Pre-trained models\HE_glom_capsule\masks\UHN_Slide01_13423_8891_mask.png
166,C:\Users\akalloo\Downloads\Pre-trained models\HE_glom_capsule\UHN_Slide20_11080_12722.png,C:\Users\akalloo\Downloads\Pre-trained models\HE_glom_capsule\masks\UHN_Slide20_11080_12722_mask.png
167,C:\Users\akalloo\Downloads\Pre-trained models\HE_glom_capsule\im_101.png,C:\Users\akalloo\Downloads\Pre-trained models\HE_glom_capsule\masks\im_101_mask.png
168,C:\Users\akalloo\Downloads\Pre-trained models\HE_glom_capsule\im_80.png,C:\Users\akalloo\Downloads\Pre-trained models\HE_glom_capsule\masks\im_80_mask.png
169,C:\Users\akalloo\Downloads\Pre-trained models\HE_glom_capsule\UHN_Slide10_10721_12584.png,C:\Users\akalloo\Downloads\Pre-trained models\HE_glom_capsule\masks\UHN_Slide10_10721_12584_mask.png
170,C:\Users\akalloo\Downloads\Pre-trained models\HE_glom_capsule\UHN_Slide43_46631_5429.png,C:\Users\akalloo\Downloads\Pre-trained models\HE_glom_capsule\masks\UHN_Slide43_46631_5429_mask.png
171,C:\Users\akalloo\Downloads\Pre-trained models\HE_glom_capsule\im_131.png,C:\Users\akalloo\Downloads\Pre-trained models\HE_glom_capsule\masks\im_131_mask.png
172,C:\Users\akalloo\Downloads\Pre-trained models\HE_glom_capsule\UHN_Slide08_21868_10618.png,C:\Users\akalloo\Downloads\Pre-trained models\HE_glom_capsule\masks\UHN_Slide08_21868_10618_mask.png
173,C:\Users\akalloo\Downloads\Pre-trained models\HE_glom_capsule\UHN_Slide02_22793_10897.png,C:\Users\akalloo\Downloads\Pre-trained models\HE_glom_capsule\masks\UHN_Slide02_22793_10897_mask.png
174,C:\Users\akalloo\Downloads\Pre-trained models\HE_glom_capsule\UHN_Slide08_15092_15646.png,C:\Users\akalloo\Downloads\Pre-trained models\HE_glom_capsule\masks\UHN_Slide08_15092_15646_mask.png
175,C:\Users\akalloo\Downloads\Pre-trained models\HE_glom_capsule\UHN_Slide07_30492_18322.png,C:\Users\akalloo\Downloads\Pre-trained models\HE_glom_capsule\masks\UHN_Slide07_30492_18322_mask.png
176,C:\Users\akalloo\Downloads\Pre-trained models\HE_glom_capsule\UHN_Slide27_4993_10060.png,C:\Users\akalloo\Downloads\Pre-trained models\HE_glom_capsule\masks\UHN_Slide27_4993_10060_mask.png
177,C:\Users\akalloo\Downloads\Pre-trained models\HE_glom_capsule\UHN_Slide06_3065_15897.png,C:\Users\akalloo\Downloads\Pre-trained models\HE_glom_capsule\masks\UHN_Slide06_3065_15897_mask.png
178,C:\Users\akalloo\Downloads\Pre-trained models\HE_glom_capsule\UHN_Slide27_4968_9114.png,C:\Users\akalloo\Downloads\Pre-trained models\HE_glom_capsule\masks\UHN_Slide27_4968_9114_mask.png
179,C:\Users\akalloo\Downloads\Pre-trained models\HE_glom_capsule\im_120.png,C:\Users\akalloo\Downloads\Pre-trained models\HE_glom_capsule\masks\im_120_mask.png
180,C:\Users\akalloo\Downloads\Pre-trained models\HE_glom_capsule\im_105.png,C:\Users\akalloo\Downloads\Pre-trained models\HE_glom_capsule\masks\im_105_mask.png
181,C:\Users\akalloo\Downloads\Pre-trained models\HE_glom_capsule\UHN_Slide07_32622_17030.png,C:\Users\akalloo\Downloads\Pre-trained models\HE_glom_capsule\masks\UHN_Slide07_32622_17030_mask.png
182,C:\Users\akalloo\Downloads\Pre-trained models\HE_glom_capsule\UHN_Slide08_38166_9632.png,C:\Users\akalloo\Downloads\Pre-trained models\HE_glom_capsule\masks\UHN_Slide08_38166_9632_mask.png
183,C:\Users\akalloo\Downloads\Pre-trained models\HE_glom_capsule\UHN_Slide43_52067_7173.png,C:\Users\akalloo\Downloads\Pre-trained models\HE_glom_capsule\masks\UHN_Slide43_52067_7173_mask.png
184,C:\Users\akalloo\Downloads\Pre-trained models\HE_glom_capsule\UHN_Slide22_16577_16213.png,C:\Users\akalloo\Downloads\Pre-trained models\HE_glom_capsule\masks\UHN_Slide22_16577_16213_mask.png
185,C:\Users\akalloo\Downloads\Pre-trained models\HE_glom_capsule\im_93.png,C:\Users\akalloo\Downloads\Pre-trained models\HE_glom_capsule\masks\im_93_mask.png
186,C:\Users\akalloo\Downloads\Pre-trained models\HE_glom_capsule\UHN_Slide13_40792_7392.png,C:\Users\akalloo\Downloads\Pre-trained models\HE_glom_capsule\masks\UHN_Slide13_40792_7392_mask.png
187,C:\Users\akalloo\Downloads\Pre-trained models\HE_glom_capsule\UHN_Slide14_21773_12345.png,C:\Users\akalloo\Downloads\Pre-trained models\HE_glom_capsule\masks\UHN_Slide14_21773_12345_mask.png
188,C:\Users\akalloo\Downloads\Pre-trained models\HE_glom_capsule\UHN_Slide06_12522_14635.png,C:\Users\akalloo\Downloads\Pre-trained models\HE_glom_capsule\masks\UHN_Slide06_12522_14635_mask.png
189,C:\Users\akalloo\Downloads\Pre-trained models\HE_glom_capsule\UHN_Slide13_44474_4896.png,C:\Users\akalloo\Downloads\Pre-trained models\HE_glom_capsule\masks\UHN_Slide13_44474_4896_mask.png
190,C:\Users\akalloo\Downloads\Pre-trained models\HE_glom_capsule\im_147.png,C:\Users\akalloo\Downloads\Pre-trained models\HE_glom_capsule\masks\im_147_mask.png
191,C:\Users\akalloo\Downloads\Pre-trained models\HE_glom_capsule\UHN_Slide24_7854_15751.png,C:\Users\akalloo\Downloads\Pre-trained models\HE_glom_capsule\masks\UHN_Slide24_7854_15751_mask.png
192,C:\Users\akalloo\Downloads\Pre-trained models\HE_glom_capsule\UHN_Slide20_10416_14522.png,C:\Users\akalloo\Downloads\Pre-trained models\HE_glom_capsule\masks\UHN_Slide20_10416_14522_mask.png
193,C:\Users\akalloo\Downloads\Pre-trained models\HE_glom_capsule\UHN_Slide13_42934_5495.png,C:\Users\akalloo\Downloads\Pre-trained models\HE_glom_capsule\masks\UHN_Slide13_42934_5495_mask.png
194,C:\Users\akalloo\Downloads\Pre-trained models\HE_glom_capsule\UHN_Slide26_6646_12292.png,C:\Users\akalloo\Downloads\Pre-trained models\HE_glom_capsule\masks\UHN_Slide26_6646_12292_mask.png
195,C:\Users\akalloo\Downloads\Pre-trained models\HE_glom_capsule\UHN_Slide05_13243_12691.png,C:\Users\akalloo\Downloads\Pre-trained models\HE_glom_capsule\masks\UHN_Slide05_13243_12691_mask.png
196,C:\Users\akalloo\Downloads\Pre-trained models\HE_glom_capsule\UHN_Slide13_8714_15424.png,C:\Users\akalloo\Downloads\Pre-trained models\HE_glom_capsule\masks\UHN_Slide13_8714_15424_mask.png
197,C:\Users\akalloo\Downloads\Pre-trained models\HE_glom_capsule\UHN_Slide07_19628_14838.png,C:\Users\akalloo\Downloads\Pre-trained models\HE_glom_capsule\masks\UHN_Slide07_19628_14838_mask.png
198,C:\Users\akalloo\Downloads\Pre-trained models\HE_glom_capsule\UHN_Slide13_45514_14956.png,C:\Users\akalloo\Downloads\Pre-trained models\HE_glom_capsule\masks\UHN_Slide13_45514_14956_mask.png
199,C:\Users\akalloo\Downloads\Pre-trained models\HE_glom_capsule\UHN_Slide21_12623_13255.png,C:\Users\akalloo\Downloads\Pre-trained models\HE_glom_capsule\masks\UHN_Slide21_12623_13255_mask.png
200,C:\Users\akalloo\Downloads\Pre-trained models\HE_glom_capsule\UHN_Slide32_8452_6644.png,C:\Users\akalloo\Downloads\Pre-trained models\HE_glom_capsule\masks\UHN_Slide32_8452_6644_mask.png
201,C:\Users\akalloo\Downloads\Pre-trained models\HE_glom_capsule\im_87.png,C:\Users\akalloo\Downloads\Pre-trained models\HE_glom_capsule\masks\im_87_mask.png
202,C:\Users\akalloo\Downloads\Pre-trained models\HE_glom_capsule\UHN_Slide38_11465_36371.png,C:\Users\akalloo\Downloads\Pre-trained models\HE_glom_capsule\masks\UHN_Slide38_11465_36371_mask.png
203,C:\Users\akalloo\Downloads\Pre-trained models\HE_glom_capsule\UHN_Slide03_25626_5741.png,C:\Users\akalloo\Downloads\Pre-trained models\HE_glom_capsule\masks\UHN_Slide03_25626_5741_mask.png
204,C:\Users\akalloo\Downloads\Pre-trained models\HE_glom_capsule\im_150.png,C:\Users\akalloo\Downloads\Pre-trained models\HE_glom_capsule\masks\im_150_mask.png
205,C:\Users\akalloo\Downloads\Pre-trained models\HE_glom_capsule\UHN_Slide21_11341_8045.png,C:\Users\akalloo\Downloads\Pre-trained models\HE_glom_capsule\masks\UHN_Slide21_11341_8045_mask.png
206,C:\Users\akalloo\Downloads\Pre-trained models\HE_glom_capsule\UHN_Slide37_13980_30746.png,C:\Users\akalloo\Downloads\Pre-trained models\HE_glom_capsule\masks\UHN_Slide37_13980_30746_mask.png
207,C:\Users\akalloo\Downloads\Pre-trained models\HE_glom_capsule\UHN_Slide30_18697_5682.png,C:\Users\akalloo\Downloads\Pre-trained models\HE_glom_capsule\masks\UHN_Slide30_18697_5682_mask.png
208,C:\Users\akalloo\Downloads\Pre-trained models\HE_glom_capsule\im_102.png,C:\Users\akalloo\Downloads\Pre-trained models\HE_glom_capsule\masks\im_102_mask.png
209,C:\Users\akalloo\Downloads\Pre-trained models\HE_glom_capsule\UHN_Slide27_5379_20242.png,C:\Users\akalloo\Downloads\Pre-trained models\HE_glom_capsule\masks\UHN_Slide27_5379_20242_mask.png
210,C:\Users\akalloo\Downloads\Pre-trained models\HE_glom_capsule\UHN_Slide12_16109_8794.png,C:\Users\akalloo\Downloads\Pre-trained models\HE_glom_capsule\masks\UHN_Slide12_16109_8794_mask.png
211,C:\Users\akalloo\Downloads\Pre-trained models\HE_glom_capsule\UHN_Slide08_29552_12942.png,C:\Users\akalloo\Downloads\Pre-trained models\HE_glom_capsule\masks\UHN_Slide08_29552_12942_mask.png
212,C:\Users\akalloo\Downloads\Pre-trained models\HE_glom_capsule\UHN_Slide26_7520_18772.png,C:\Users\akalloo\Downloads\Pre-trained models\HE_glom_capsule\masks\UHN_Slide26_7520_18772_mask.png
213,C:\Users\akalloo\Downloads\Pre-trained models\HE_glom_capsule\im_140.png,C:\Users\akalloo\Downloads\Pre-trained models\HE_glom_capsule\masks\im_140_mask.png
214,C:\Users\akalloo\Downloads\Pre-trained models\HE_glom_capsule\im_129.png,C:\Users\akalloo\Downloads\Pre-trained models\HE_glom_capsule\masks\im_129_mask.png
